url_path,views_total,views_unique
/mike-clark-8192/JRTDF,20,12
/mike-clark-8192/JRTDF/tree/main/JRTDF,15,8
/mike-clark-8192/JRTDF/blob/main/JRTDF/JRTDF.cpp,9,6
/mike-clark-8192/JRTDF/blob/main/JRTDF/JRTDF.rc,4,4
/mike-clark-8192/JRTDF/blob/main/.github/workflows/release-on-tag.yml,2,2
/mike-clark-8192/JRTDF/blob/main/JRTDF/JRTDF.vcxproj.filters,2,2
/mike-clark-8192/JRTDF/blob/main/JRTDF/resource.h,2,2
/mike-clark-8192/JRTDF/blob/main/JRTDF.sln,2,2
/mike-clark-8192/JRTDF/tree/main/.github/workflows,2,2
/mike-clark-8192/JRTDF/blob/main/CODE_OF_CONDUCT.md,1,1
